<?xml version="1.0" encoding="UTF-8"?>
<beans xmlns="http://www.springframework.org/schema/beans"
	xmlns:xsi="http://www.w3.org/2001/XMLSchema-instance"
	xmlns:context="http://www.springframework.org/schema/context"
	xmlns:p="http://www.springframework.org/schema/p"
	xsi:schemaLocation="http://www.springframework.org/schema/beans
    http://www.springframework.org/schema/beans/spring-beans.xsd
    http://www.springframework.org/schema/context
    http://www.springframework.org/schema/context/spring-context.xsd">

	<bean name="emp1" class="com.springcore.collections.Emp">
		<property name="name" value="Radhe" />

		<property name="phones">
			<list>
				<value>74566471</value>
				<value>4654</value>
				<value>451745</value>
				<null/>
			</list>
		</property>

		<property name="addresses">
			<set>
				<value>Delhi</value>
				<value>Lucknow</value>
				<value>Kanpur</value>
			</set>
		</property>

		<property name="courses">
			<map>
				<entry  key="java" value="2months" />
				<entry key="python" value="1.2months" />
				<entry key="c" value="1months" />
			</map>
		</property>

	</bean>



</beans>